filnavn,egenskap,klasse
(86).jpg,0.5108510221720555,1.0
(87).jpg,0.5028086109391589,1.0
(156).jpg,0.546234242599702,1.0
(157).jpg,0.5744952335158418,1.0
(122).jpg,0.7198570273534526,0.0
(148).jpg,0.6701654459323249,0.0
(149).jpg,0.7341702361955006,0.0
(150).jpg,0.5962920660489929,0.0
(151).jpg,0.6134174714301889,0.0
